[
	{
		"title": "Lorem ipsum dolor sit.",
		"image": "https://i.etsystatic.com/iap/a0f246/5502938083/iap_640x640.5502938083_69958kp0.jpg",
		"description": "Lorem ipsum dolor sit amet consectetur adipisicing elit. Magnam dolor quos, quod assumenda explicabo odio, nobis ipsa laudantium quas eum veritatis ullam sint porro minima modi molestias doloribus cumque odit."
	},
	{
		"title": "Architecto minima sed omnis?",
		"image": "https://i.etsystatic.com/iap/a0f246/5502938083/iap_640x640.5502938083_69958kp0.jpg",
		"description": "Est, reiciendis aspernatur debitis maxime et itaque animi sit quod quo, tempore incidunt tempora dignissimos exercitationem enim numquam quam quaerat optio laborum ut unde hic delectus laboriosam? Quasi, cupiditate corporis."
	},
	{
		"title": "Asperiores rem repellendus doloremque.",
		"image": "https://i.etsystatic.com/iap/a0f246/5502938083/iap_640x640.5502938083_69958kp0.jpg",
		"description": "Eligendi tenetur quae quos recusandae est. Cumque, voluptatem. Quo nihil dignissimos molestiae explicabo praesentium aspernatur debitis, illo rerum possimus quam ducimus earum nulla officiis maiores itaque repellat corporis soluta labore?"
	},
	{
		"title": "Laudantium reprehenderit placeat perspiciatis.",
		"image": "https://i.etsystatic.com/iap/a0f246/5502938083/iap_640x640.5502938083_69958kp0.jpg",
		"description": "Quo minus perferendis nulla corrupti repellat dolorem dolore assumenda sit minima ducimus quidem ullam, id ipsa dicta tempora laborum officiis unde possimus cumque nobis alias inventore! Ullam repudiandae iusto nam."
	},
	{
		"title": "Consequuntur autem eos facere.",
		"image": "https://i.etsystatic.com/iap/a0f246/5502938083/iap_640x640.5502938083_69958kp0.jpg",
		"description": "Laborum alias ea unde harum aspernatur? Molestiae, veritatis, possimus, numquam ex excepturi quod ducimus sit odit optio quibusdam sequi aliquid itaque tempore perspiciatis placeat expedita vero voluptates. Sit, aspernatur sint!"
	},
	{
		"title": "Quos sint quaerat omnis?",
		"image": "https://i.etsystatic.com/iap/a0f246/5502938083/iap_640x640.5502938083_69958kp0.jpg",
		"description": "Est neque, velit nam rerum error odio voluptates voluptatem magnam laboriosam ad? Doloribus, id et itaque unde porro totam ullam quaerat blanditiis odit animi eveniet aut, voluptate velit iure odio."
	}
]